flow_id,Effusion_rate,Depth,Width_init,X_init,Y_init,Elevation_init,X_run_out,Y_run_out,Elevation_run_out,Distance_run_out
template2-test,5.0,0.4019999999999997,6.251725628605487,0.0,0.0,0.0,0.0,0.0,0.0,691.0
template2-test,10.0,0.5059999999999996,6.232921571788327,0.0,0.0,0.0,0.0,0.0,0.0,1071.0
template2-test,15.0,0.5789999999999995,6.226018497061125,0.0,0.0,0.0,0.0,0.0,0.0,1551.0
template2-test,20.0,0.6369999999999995,6.2222634856635874,0.0,0.0,0.0,0.0,0.0,0.0,2171.0
template2-test,25.0,0.6859999999999994,6.219831529011966,0.0,0.0,0.0,0.0,0.0,0.0,2771.0
template2-test,30.0,0.7289999999999994,6.218091062875039,0.0,0.0,0.0,0.0,0.0,0.0,3371.0
template2-test,35.0,0.7669999999999993,6.216785572441885,0.0,0.0,0.0,0.0,0.0,0.0,3961.0
